{
  "project_info": {
    "project_number": "453255339919",
    "project_id": "fir-a78ab",
    "storage_bucket": "fir-a78ab.appspot.com"
  },
  "client": [
    {
      "client_info": {
        "mobilesdk_app_id": "1:453255339919:android:9f48094aefc3146d7375fa",
        "android_client_info": {
          "package_name": "com.carmenvillanueva.basefirebase"
        }
      },
      "oauth_client": [
        {
          "client_id": "453255339919-p6la5avkisf12qfn0c1s30pinuq7bf77.apps.googleusercontent.com",
          "client_type": 3
        }
      ],
      "api_key": [
        {
          "current_key": "AIzaSyB1zF9Ok1WO2rqhrPNh6mdhUIyoeLm-cqc"
        }
      ],
      "services": {
        "appinvite_service": {
          "other_platform_oauth_client": [
            {
              "client_id": "453255339919-p6la5avkisf12qfn0c1s30pinuq7bf77.apps.googleusercontent.com",
              "client_type": 3
            }
          ]
        }
      }
    }
  ],
  "configuration_version": "1"
}